cell,train_seed,eval_seed,certified_pct,profit,accepted,guard_fires,guard_score_positive,min_idle_origin,min_idle_global,empty_market_events,loads,bound
sub_x05,20260509,20260509,62.54,816394.25,319,133,112,0,0,45,455,1305393.89
sub_x05,20260511,20260511,64.28,801654.97,314,119,109,0,0,34,435,1247192.11
sub_x05,20260513,20260513,64.28,749628.26,298,112,104,0,0,16,410,1166255.60
sub_x1,20260509,20260509,58.53,1647220.68,640,223,199,0,0,16,870,2814228.69
sub_x1,20260511,20260511,56.17,1566531.65,602,301,279,0,0,18,909,2789062.62
sub_x1,20260513,20260513,62.43,1713965.69,677,249,227,0,0,11,932,2745262.04
sub_x2,20260509,20260509,49.47,3151353.61,1246,376,332,0,0,8,1676,6370581.69
sub_x2,20260511,20260511,52.69,3290377.22,1303,398,344,0,0,18,1735,6244437.45
sub_x2,20260513,20260513,51.21,3212999.84,1268,422,373,0,0,23,1741,6273656.75
