scenario,horizon_hours,loads_per_hour,fleet_size,base_cost_per_mile,fixed_load_cost,value_scale_dollars,train_seed,eval_seed,train_label_count,eval_label_count,static_agreement,static_mae,static_p90_abs_error,policy,cascade_band_dollars,loads_seen,accepted,rejected,no_truck,infeasible,pickup_window_miss,delivery_window_miss,accept_rate,profit,profit_retention_vs_rollout,revenue,direct_cost,loaded_miles,deadhead_miles,yard_delay_hours,hos_rest_hours,profit_per_loaded_mile,utilization,mean_latency_ms,p50_latency_ms,p95_latency_ms,surrogate_stage_share,rollout_stage_share,final_top_states,cell_elapsed_seconds
freightbidbench_mild_capacity,72,12,90,2.95,250.00,2400.00,20260506,20260507,600,600,0.518333,2101.10,4317.75,reject_all,,885,0,885,0,0,0,0,0.0000,0.00,0.000000,0.00,0.00,0.00,0.00,0.00,0.00,0.0000,0.0000,0.000071,0.000083,0.000084,0.0000,0.0000,48:66; 13:17; 06:6; 04:1; 08:0; 53:0,90.82
freightbidbench_mild_capacity,72,12,90,2.95,250.00,2400.00,20260506,20260507,600,600,0.518333,2101.10,4317.75,accept_all_feasible,,885,533,352,0,0,0,0,0.6023,1068892.17,1.026212,1480779.26,310942.95,60234.90,18485.62,797.92,2110.00,17.7454,0.9224,0.032293,0.025958,0.071458,0.0000,0.0000,48:65; 13:11; 12:7; 53:4; 06:3; 04:0,90.82
freightbidbench_mild_capacity,72,12,90,2.95,250.00,2400.00,20260506,20260507,600,600,0.518333,2101.10,4317.75,myopic_margin,,885,533,17,3,332,320,12,0.6023,1068892.17,1.026212,1480779.26,310942.95,60234.90,18485.62,797.92,2110.00,17.7454,0.9224,0.000139,0.000125,0.000167,0.0000,0.0000,48:65; 13:11; 12:7; 53:4; 06:3; 04:0,90.82
freightbidbench_mild_capacity,72,12,90,2.95,250.00,2400.00,20260506,20260507,600,600,0.518333,2101.10,4317.75,bid_price,,885,534,30,3,318,302,16,0.6034,1070490.12,1.027747,1480659.44,309267.14,59582.08,18539.83,795.06,2100.00,17.9666,0.9189,0.000520,0.000500,0.000584,0.0000,0.0000,48:66; 13:10; 12:7; 53:4; 06:3; 04:0,90.82
freightbidbench_mild_capacity,72,12,90,2.95,250.00,2400.00,20260506,20260507,600,600,0.518333,2101.10,4317.75,surrogate_linear,,885,428,430,0,27,27,0,0.4836,882343.31,0.847112,1200516.77,236768.61,43989.36,14506.94,659.83,1470.00,20.0581,0.7487,0.004385,0.004542,0.005041,1.0000,0.0000,48:66; 13:16; 06:6; 04:1; 12:1; 08:0,90.82
freightbidbench_mild_capacity,72,12,90,2.95,250.00,2400.00,20260506,20260507,600,600,0.518333,2101.10,4317.75,rollout_teacher,,885,511,374,0,0,0,0,0.5774,1041589.62,1.000000,1428480.50,295203.17,56763.79,18096.28,671.42,1900.00,18.3495,0.8770,41.419749,40.110417,79.219291,0.0000,1.0000,48:65; 13:17; 53:4; 06:3; 12:1; 04:0,90.82
freightbidbench_mild_capacity,72,12,90,2.95,250.00,2400.00,20260506,20260507,600,600,0.518333,2101.10,4317.75,cascade_surrogate_rollout,0.00,885,430,428,0,27,27,0,0.4859,885431.06,0.850077,1205887.06,238828.16,44518.02,14549.56,661.52,1490.00,19.8893,0.7543,0.160013,0.006625,0.007500,0.9887,0.0113,48:66; 13:16; 06:7; 12:1; 04:0; 08:0,90.98
freightbidbench_mild_capacity,72,12,90,2.95,250.00,2400.00,20260506,20260507,600,600,0.518333,2101.10,4317.75,cascade_surrogate_rollout,100.00,885,439,434,0,12,12,0,0.4960,911264.94,0.874879,1238738.04,243768.23,45429.91,15061.72,672.55,1530.00,20.0587,0.7681,4.424358,0.006917,37.253166,0.8960,0.1040,48:66; 13:16; 06:7; 12:1; 04:0; 08:0,94.92
freightbidbench_mild_capacity,72,12,90,2.95,250.00,2400.00,20260506,20260507,600,600,0.518333,2101.10,4317.75,cascade_surrogate_rollout,250.00,885,446,417,0,22,22,0,0.5040,921624.59,0.884825,1252326.06,247638.64,46148.69,15216.99,656.33,1510.00,19.9708,0.7666,9.169880,0.007458,50.702417,0.7910,0.2090,48:66; 13:16; 06:7; 12:1; 04:0; 08:0,103.05
freightbidbench_mild_capacity,72,12,90,2.95,250.00,2400.00,20260506,20260507,600,600,0.518333,2101.10,4317.75,cascade_surrogate_rollout,500.00,885,462,420,0,3,3,0,0.5220,956008.48,0.917836,1298438.65,256297.19,47727.86,15783.43,680.43,1580.00,20.0304,0.7930,17.942813,0.010416,74.298417,0.6113,0.3887,48:66; 13:16; 06:7; 12:1; 04:0; 08:0,118.95
freightbidbench_mild_capacity,72,12,90,2.95,250.00,2400.00,20260506,20260507,600,600,0.518333,2101.10,4317.75,cascade_surrogate_rollout,700.00,885,464,420,0,1,1,0,0.5243,961758.80,0.923357,1304234.80,257417.49,47938.13,15971.59,656.21,1580.00,20.0625,0.7941,23.715659,0.014916,75.434084,0.4972,0.5028,48:66; 13:16; 06:7; 12:1; 04:0; 08:0,139.97
freightbidbench_mild_capacity,72,12,90,2.95,250.00,2400.00,20260506,20260507,600,600,0.518333,2101.10,4317.75,cascade_surrogate_rollout,900.00,885,469,415,0,1,1,0,0.5299,973357.52,0.934492,1320018.44,260787.65,48656.83,16023.41,666.63,1600.00,20.0045,0.7995,27.450657,35.658458,76.719167,0.4124,0.5876,48:66; 13:15; 06:7; 12:2; 04:0; 08:0,164.28
freightbidbench_mild_capacity,72,12,90,2.95,250.00,2400.00,20260506,20260507,600,600,0.518333,2101.10,4317.75,cascade_surrogate_rollout,1200.00,885,490,395,0,0,0,0,0.5537,1013122.11,0.972669,1374329.53,271158.77,50392.80,17182.22,683.54,1710.00,20.1045,0.8341,34.024211,40.070125,78.866583,0.2904,0.7096,48:66; 13:17; 06:7; 04:0; 08:0; 53:0,194.42
freightbidbench_mild_capacity,72,12,90,2.95,250.00,2400.00,20260508,20260509,600,600,0.590000,1843.24,3684.09,reject_all,,870,0,870,0,0,0,0,0.0000,0.00,0.000000,0.00,0.00,0.00,0.00,0.00,0.00,0.0000,0.0000,0.000065,0.000083,0.000084,0.0000,0.0000,48:74; 13:16; 04:0; 06:0; 08:0; 53:0,103.59
freightbidbench_mild_capacity,72,12,90,2.95,250.00,2400.00,20260508,20260509,600,600,0.590000,1843.24,3684.09,accept_all_feasible,,870,567,303,0,0,0,0,0.6517,1165626.26,1.040230,1584669.79,315894.25,59031.95,19462.28,791.95,2160.00,19.7457,0.9608,0.038471,0.030125,0.087625,0.0000,0.0000,48:74; 13:11; 12:5; 04:0; 06:0; 08:0,103.59
freightbidbench_mild_capacity,72,12,90,2.95,250.00,2400.00,20260508,20260509,600,600,0.590000,1843.24,3684.09,myopic_margin,,870,567,22,29,252,251,1,0.6517,1165626.26,1.040230,1584669.79,315894.25,59031.95,19462.28,791.95,2160.00,19.7457,0.9608,0.000143,0.000125,0.000209,0.0000,0.0000,48:74; 13:11; 12:5; 04:0; 06:0; 08:0,103.59
freightbidbench_mild_capacity,72,12,90,2.95,250.00,2400.00,20260508,20260509,600,600,0.590000,1843.24,3684.09,bid_price,,870,567,27,37,239,239,0,0.6517,1165626.26,1.040230,1584669.79,315894.25,59031.95,19462.28,791.95,2160.00,19.7457,0.9608,0.000534,0.000500,0.000584,0.0000,0.0000,48:74; 13:11; 12:5; 04:0; 06:0; 08:0,103.59
freightbidbench_mild_capacity,72,12,90,2.95,250.00,2400.00,20260508,20260509,600,600,0.590000,1843.24,3684.09,surrogate_linear,,870,444,348,0,78,77,1,0.5103,918969.85,0.820109,1245124.21,245629.72,45637.19,14878.97,631.09,1490.00,20.1364,0.7796,0.004589,0.004750,0.005333,1.0000,0.0000,48:74; 13:15; 12:1; 04:0; 06:0; 08:0,103.59
freightbidbench_mild_capacity,72,12,90,2.95,250.00,2400.00,20260508,20260509,600,600,0.590000,1843.24,3684.09,rollout_teacher,,870,541,329,0,0,0,0,0.6218,1120546.40,1.000000,1516105.39,299356.54,55629.34,18940.35,706.40,1910.00,20.1431,0.9137,50.123931,49.244167,98.646333,0.0000,1.0000,48:74; 13:15; 12:1; 04:0; 06:0; 08:0,103.59
freightbidbench_mild_capacity,72,12,90,2.95,250.00,2400.00,20260508,20260509,600,600,0.590000,1843.24,3684.09,cascade_surrogate_rollout,0.00,870,446,350,0,74,73,1,0.5126,926471.04,0.826803,1253153.89,246028.69,45602.95,14959.69,629.79,1530.00,20.3160,0.7863,1.970487,0.007209,0.014584,0.9069,0.0931,48:74; 13:16; 04:0; 06:0; 08:0; 53:0,105.33
freightbidbench_mild_capacity,72,12,90,2.95,250.00,2400.00,20260508,20260509,600,600,0.590000,1843.24,3684.09,cascade_surrogate_rollout,100.00,870,460,340,0,70,69,1,0.5287,953712.27,0.851114,1291182.88,254440.20,47267.86,15514.39,643.69,1490.00,20.1768,0.7928,5.501870,0.007500,51.854583,0.8322,0.1678,48:74; 13:15; 12:1; 04:0; 06:0; 08:0,110.14
freightbidbench_mild_capacity,72,12,90,2.95,250.00,2400.00,20260508,20260509,600,600,0.590000,1843.24,3684.09,cascade_surrogate_rollout,250.00,870,465,343,0,62,62,0,0.5345,963475.90,0.859827,1303567.34,256570.25,47566.19,15596.66,647.88,1540.00,20.2555,0.8001,10.413590,0.007834,59.163667,0.7506,0.2494,48:74; 13:16; 04:0; 06:0; 08:0; 53:0,119.23
freightbidbench_mild_capacity,72,12,90,2.95,250.00,2400.00,20260508,20260509,600,600,0.590000,1843.24,3684.09,cascade_surrogate_rollout,500.00,870,474,366,0,30,30,0,0.5448,994294.77,0.887330,1340241.83,261105.21,48340.75,16231.46,642.27,1600.00,20.5685,0.8137,20.998671,0.013250,70.709042,0.5540,0.4460,48:74; 13:16; 04:0; 06:0; 08:0; 53:0,137.52
freightbidbench_mild_capacity,72,12,90,2.95,250.00,2400.00,20260508,20260509,600,600,0.590000,1843.24,3684.09,cascade_surrogate_rollout,700.00,870,508,315,0,47,47,0,0.5839,1056280.03,0.942647,1427305.40,281023.53,52211.37,17434.01,672.53,1690.00,20.2308,0.8472,23.717128,0.016855,86.131916,0.4690,0.5310,48:74; 13:15; 12:1; 04:0; 06:0; 08:0,158.18
freightbidbench_mild_capacity,72,12,90,2.95,250.00,2400.00,20260508,20260509,600,600,0.590000,1843.24,3684.09,cascade_surrogate_rollout,900.00,870,512,331,0,27,27,0,0.5885,1069335.40,0.954298,1443810.74,283264.13,52631.91,17624.25,683.37,1750.00,20.3172,0.8610,28.266321,25.496938,95.991000,0.3793,0.6207,48:74; 13:15; 12:1; 04:0; 06:0; 08:0,182.80
freightbidbench_mild_capacity,72,12,90,2.95,250.00,2400.00,20260508,20260509,600,600,0.590000,1843.24,3684.09,cascade_surrogate_rollout,1200.00,870,521,331,0,18,18,0,0.5989,1090771.51,0.973428,1470043.40,288621.69,53685.32,17839.78,665.93,1770.00,20.3179,0.8693,34.208082,42.194542,96.243667,0.2667,0.7333,48:74; 13:14; 12:2; 04:0; 06:0; 08:0,212.59
freightbidbench_mild_capacity,72,12,90,2.95,250.00,2400.00,20260510,20260511,600,600,0.656667,2030.07,4969.30,reject_all,,909,0,909,0,0,0,0,0.0000,0.00,0.000000,0.00,0.00,0.00,0.00,0.00,0.00,0.0000,0.0000,0.000070,0.000083,0.000084,0.0000,0.0000,48:70; 13:15; 06:4; 04:1; 08:0; 53:0,97.98
freightbidbench_mild_capacity,72,12,90,2.95,250.00,2400.00,20260510,20260511,600,600,0.656667,2030.07,4969.30,accept_all_feasible,,909,501,408,0,0,0,0,0.5512,1014154.30,0.984736,1392769.33,283273.15,53567.17,17328.06,759.01,1890.00,18.9324,0.8525,0.050278,0.038959,0.115125,0.0000,0.0000,48:70; 13:13; 06:3; 53:2; 12:2; 04:0,97.98
freightbidbench_mild_capacity,72,12,90,2.95,250.00,2400.00,20260510,20260511,600,600,0.656667,2030.07,4969.30,myopic_margin,,909,501,16,5,387,374,13,0.5512,1014154.30,0.984736,1392769.33,283273.15,53567.17,17328.06,759.01,1890.00,18.9324,0.8525,0.000228,0.000166,0.000375,0.0000,0.0000,48:70; 13:13; 06:3; 53:2; 12:2; 04:0,97.98
freightbidbench_mild_capacity,72,12,90,2.95,250.00,2400.00,20260510,20260511,600,600,0.656667,2030.07,4969.30,bid_price,,909,501,23,6,379,364,15,0.5512,1014154.30,0.984736,1392769.33,283273.15,53567.17,17328.06,759.01,1890.00,18.9324,0.8525,0.000678,0.000542,0.000833,0.0000,0.0000,48:70; 13:13; 06:3; 53:2; 12:2; 04:0,97.98
freightbidbench_mild_capacity,72,12,90,2.95,250.00,2400.00,20260510,20260511,600,600,0.656667,2030.07,4969.30,surrogate_linear,,909,462,215,0,232,232,0,0.5083,950793.95,0.923214,1294418.92,255408.58,47426.64,15923.53,706.76,1660.00,20.0477,0.7982,0.004600,0.004750,0.005333,1.0000,0.0000,48:70; 13:14; 06:4; 04:1; 12:1; 08:0,97.98
freightbidbench_mild_capacity,72,12,90,2.95,250.00,2400.00,20260510,20260511,600,600,0.656667,2030.07,4969.30,rollout_teacher,,909,494,415,0,0,0,0,0.5435,1029874.01,1.000000,1397662.94,278643.17,52590.90,17626.03,651.52,1710.00,19.5827,0.8358,45.178750,44.771000,90.541833,0.0000,1.0000,48:70; 13:13; 06:3; 53:2; 12:2; 04:0,97.98
freightbidbench_mild_capacity,72,12,90,2.95,250.00,2400.00,20260510,20260511,600,600,0.656667,2030.07,4969.30,cascade_surrogate_rollout,0.00,909,470,214,0,225,225,0,0.5171,971931.22,0.943738,1321188.86,260525.20,48483.12,16180.91,704.19,1690.00,20.0468,0.8110,2.351533,0.007041,0.016666,0.9318,0.0682,48:70; 13:14; 06:5; 12:1; 04:0; 08:0,100.14
freightbidbench_mild_capacity,72,12,90,2.95,250.00,2400.00,20260510,20260511,600,600,0.656667,2030.07,4969.30,cascade_surrogate_rollout,100.00,909,459,213,0,237,237,0,0.5050,944412.46,0.917017,1285240.30,254616.75,47412.46,15986.30,673.35,1640.00,19.9191,0.7902,3.135300,0.007125,24.735083,0.9142,0.0858,48:70; 13:14; 06:5; 12:1; 04:0; 08:0,103.02
freightbidbench_mild_capacity,72,12,90,2.95,250.00,2400.00,20260510,20260511,600,600,0.656667,2030.07,4969.30,cascade_surrogate_rollout,250.00,909,461,217,0,231,231,0,0.5072,953547.28,0.925887,1295841.84,255534.49,47554.07,16082.90,677.85,1640.00,20.0519,0.7929,5.487149,0.007250,46.305375,0.8625,0.1375,48:70; 13:14; 06:5; 12:1; 04:0; 08:0,108.03
freightbidbench_mild_capacity,72,12,90,2.95,250.00,2400.00,20260510,20260511,600,600,0.656667,2030.07,4969.30,cascade_surrogate_rollout,500.00,909,473,240,0,196,196,0,0.5204,980368.39,0.951930,1331733.36,261585.59,48588.34,16516.55,706.58,1700.00,20.1770,0.8130,8.827531,0.007417,65.832791,0.7811,0.2189,48:70; 13:15; 06:5; 04:0; 08:0; 53:0,116.08
freightbidbench_mild_capacity,72,12,90,2.95,250.00,2400.00,20260510,20260511,600,600,0.656667,2030.07,4969.30,cascade_surrogate_rollout,700.00,909,476,241,0,192,192,0,0.5237,991194.86,0.962443,1343515.27,263582.26,49010.94,16529.93,690.02,1720.00,20.2240,0.8155,12.683992,0.008291,72.938917,0.6964,0.3036,48:70; 13:14; 06:5; 12:1; 04:0; 08:0,127.63
freightbidbench_mild_capacity,72,12,90,2.95,250.00,2400.00,20260510,20260511,600,600,0.656667,2030.07,4969.30,cascade_surrogate_rollout,900.00,909,508,330,0,71,71,0,0.5589,1061370.89,1.030583,1436271.09,281355.12,52323.77,17818.87,711.32,1860.00,20.2847,0.8696,20.839961,0.015000,74.553083,0.4884,0.5116,48:70; 13:14; 06:5; 12:1; 04:0; 08:0,146.59
freightbidbench_mild_capacity,72,12,90,2.95,250.00,2400.00,20260510,20260511,600,600,0.656667,2030.07,4969.30,cascade_surrogate_rollout,1200.00,909,478,288,0,143,143,0,0.5259,996781.19,0.967867,1349774.04,264601.28,49186.88,16602.26,681.73,1750.00,20.2652,0.8185,19.767484,0.014500,79.244375,0.5490,0.4510,48:70; 13:14; 06:5; 12:1; 04:0; 08:0,164.59
freightbidbench_tight_capacity,72,14,70,3.10,250.00,3000.00,20260506,20260507,600,600,0.571667,2087.88,3797.08,reject_all,,995,0,995,0,0,0,0,0.0000,0.00,0.000000,0.00,0.00,0.00,0.00,0.00,0.00,0.0000,0.0000,0.000067,0.000083,0.000084,0.0000,0.0000,48:53; 13:14; 06:2; 04:1; 08:0; 53:0,63.27
freightbidbench_tight_capacity,72,14,70,3.10,250.00,3000.00,20260506,20260507,600,600,0.571667,2087.88,3797.08,accept_all_feasible,,995,441,554,0,0,0,0,0.4432,879813.54,0.925095,1226115.25,262939.40,49254.65,15142.87,632.52,1720.00,17.8625,0.9539,0.022241,0.017334,0.051167,0.0000,0.0000,48:53; 13:7; 12:7; 53:3; 04:0; 06:0,63.27
freightbidbench_tight_capacity,72,14,70,3.10,250.00,3000.00,20260506,20260507,600,600,0.571667,2087.88,3797.08,myopic_margin,,995,441,16,16,522,521,1,0.4432,879813.54,0.925095,1226115.25,262939.40,49254.65,15142.87,632.52,1720.00,17.8625,0.9539,0.000147,0.000125,0.000209,0.0000,0.0000,48:53; 13:7; 12:7; 53:3; 04:0; 06:0,63.27
freightbidbench_tight_capacity,72,14,70,3.10,250.00,3000.00,20260506,20260507,600,600,0.571667,2087.88,3797.08,bid_price,,995,441,28,18,508,507,1,0.4432,879813.54,0.925095,1226115.25,262939.40,49254.65,15142.87,632.52,1720.00,17.8625,0.9539,0.000516,0.000500,0.000542,0.0000,0.0000,48:53; 13:7; 12:7; 53:3; 04:0; 06:0,63.27
freightbidbench_tight_capacity,72,14,70,3.10,250.00,3000.00,20260506,20260507,600,600,0.571667,2087.88,3797.08,surrogate_linear,,995,364,566,0,65,65,0,0.3658,734691.31,0.772504,1010863.98,207027.27,37428.15,12538.90,525.57,1220.00,19.6294,0.8094,0.003952,0.004084,0.004375,1.0000,0.0000,48:53; 13:14; 06:2; 04:1; 08:0; 53:0,63.27
freightbidbench_tight_capacity,72,14,70,3.10,250.00,3000.00,20260506,20260507,600,600,0.571667,2087.88,3797.08,rollout_teacher,,995,461,534,0,0,0,0,0.4633,951051.82,1.000000,1304309.37,272243.54,50643.08,16361.10,544.10,1790.00,18.7795,1.0091,27.436638,27.913292,58.272000,0.0000,1.0000,48:52; 13:11; 12:4; 53:2; 06:1; 04:0,63.27
freightbidbench_tight_capacity,72,14,70,3.10,250.00,3000.00,20260506,20260507,600,600,0.571667,2087.88,3797.08,cascade_surrogate_rollout,0.00,995,364,592,0,39,39,0,0.3658,732077.97,0.769756,1014184.90,212966.54,39344.04,12541.68,525.37,1190.00,18.6071,0.8125,0.898316,0.005917,0.012667,0.9538,0.0462,48:53; 13:14; 53:2; 06:1; 04:0; 08:0,64.18
freightbidbench_tight_capacity,72,14,70,3.10,250.00,3000.00,20260506,20260507,600,600,0.571667,2087.88,3797.08,cascade_surrogate_rollout,100.00,995,364,613,0,18,18,0,0.3658,734887.72,0.772710,1016691.32,212913.32,39326.88,12649.61,516.89,1230.00,18.6867,0.8185,3.166613,0.006125,28.373458,0.8764,0.1236,48:53; 13:14; 53:2; 06:1; 04:0; 08:0,67.35
freightbidbench_tight_capacity,72,14,70,3.10,250.00,3000.00,20260506,20260507,600,600,0.571667,2087.88,3797.08,cascade_surrogate_rollout,250.00,995,376,598,0,21,21,0,0.3779,761388.81,0.800576,1050864.70,219717.93,40554.17,12814.10,523.18,1240.00,18.7746,0.8352,6.145159,0.006542,32.431875,0.7789,0.2211,48:53; 13:14; 53:2; 06:1; 04:0; 08:0,73.48
freightbidbench_tight_capacity,72,14,70,3.10,250.00,3000.00,20260506,20260507,600,600,0.571667,2087.88,3797.08,cascade_surrogate_rollout,500.00,995,394,590,0,11,11,0,0.3960,807654.88,0.849223,1111036.53,229286.29,42189.13,13496.61,560.61,1420.00,19.1437,0.8838,11.882534,0.010625,41.726667,0.5558,0.4442,48:53; 13:14; 53:2; 06:1; 04:0; 08:0,85.31
freightbidbench_tight_capacity,72,14,70,3.10,250.00,3000.00,20260506,20260507,600,600,0.571667,2087.88,3797.08,cascade_surrogate_rollout,700.00,995,406,585,0,4,4,0,0.4080,833845.62,0.876761,1144559.51,236303.75,43485.08,14015.77,543.17,1470.00,19.1754,0.9042,14.900841,14.478333,44.238042,0.4754,0.5246,48:53; 13:14; 53:2; 06:1; 04:0; 08:0,100.16
freightbidbench_tight_capacity,72,14,70,3.10,250.00,3000.00,20260506,20260507,600,600,0.571667,2087.88,3797.08,cascade_surrogate_rollout,900.00,995,422,572,0,1,1,0,0.4241,871982.59,0.916861,1192833.95,245691.13,45222.94,14450.39,536.06,1560.00,19.2819,0.9236,17.355044,17.116250,46.070458,0.3899,0.6101,48:53; 13:13; 53:2; 06:1; 12:1; 04:0,117.44
freightbidbench_tight_capacity,72,14,70,3.10,250.00,3000.00,20260506,20260507,600,600,0.571667,2087.88,3797.08,cascade_surrogate_rollout,1200.00,995,420,575,0,0,0,0,0.4221,862363.39,0.906747,1183760.22,244752.14,45081.34,14626.02,551.36,1600.00,19.1291,0.9424,18.885703,26.490791,48.069917,0.2995,0.7005,48:53; 13:13; 53:2; 06:1; 12:1; 04:0,136.25
freightbidbench_tight_capacity,72,14,70,3.10,250.00,3000.00,20260508,20260509,600,600,0.641667,2020.51,3866.99,reject_all,,1021,0,1021,0,0,0,0,0.0000,0.00,0.000000,0.00,0.00,0.00,0.00,0.00,0.00,0.0000,0.0000,0.000066,0.000083,0.000084,0.0000,0.0000,48:58; 13:12; 04:0; 06:0; 08:0; 53:0,67.80
freightbidbench_tight_capacity,72,14,70,3.10,250.00,3000.00,20260508,20260509,600,600,0.641667,2020.51,3866.99,accept_all_feasible,,1021,445,576,0,0,0,0,0.4358,895138.36,0.916332,1237885.73,256718.97,46925.48,15201.90,671.00,1740.00,19.0757,0.9639,0.024450,0.019250,0.058709,0.0000,0.0000,48:58; 13:8; 12:3; 42:1; 04:0; 06:0,67.80
freightbidbench_tight_capacity,72,14,70,3.10,250.00,3000.00,20260508,20260509,600,600,0.641667,2020.51,3866.99,myopic_margin,,1021,446,24,26,525,524,1,0.4368,902672.64,0.924044,1243239.88,254491.58,46126.31,15213.37,671.24,1730.00,19.5696,0.9602,0.000153,0.000125,0.000291,0.0000,0.0000,48:58; 13:10; 12:2; 04:0; 06:0; 08:0,67.80
freightbidbench_tight_capacity,72,14,70,3.10,250.00,3000.00,20260508,20260509,600,600,0.641667,2020.51,3866.99,bid_price,,1021,446,39,28,508,508,0,0.4368,902672.64,0.924044,1243239.88,254491.58,46126.31,15213.37,671.24,1730.00,19.5696,0.9602,0.000521,0.000500,0.000542,0.0000,0.0000,48:58; 13:10; 12:2; 04:0; 06:0; 08:0,67.80
freightbidbench_tight_capacity,72,14,70,3.10,250.00,3000.00,20260508,20260509,600,600,0.641667,2020.51,3866.99,surrogate_linear,,1021,367,567,0,87,87,0,0.3595,746897.57,0.764581,1024783.23,209127.52,37863.72,11667.44,557.02,1180.00,19.7259,0.8112,0.004121,0.004292,0.004584,1.0000,0.0000,48:58; 13:12; 04:0; 06:0; 08:0; 53:0,67.80
freightbidbench_tight_capacity,72,14,70,3.10,250.00,3000.00,20260508,20260509,600,600,0.641667,2020.51,3866.99,rollout_teacher,,1021,475,546,0,0,0,0,0.4652,976871.75,1.000000,1332370.88,269677.23,48686.20,16812.46,598.69,1780.00,20.0647,1.0309,30.220300,31.709666,59.996000,0.0000,1.0000,48:58; 13:12; 04:0; 06:0; 08:0; 53:0,67.80
freightbidbench_tight_capacity,72,14,70,3.10,250.00,3000.00,20260508,20260509,600,600,0.641667,2020.51,3866.99,cascade_surrogate_rollout,0.00,1021,375,523,0,123,122,1,0.3673,758290.47,0.776244,1041839.31,213628.45,38670.47,12080.53,557.17,1280.00,19.6090,0.8363,0.584110,0.006167,0.007584,0.9216,0.0784,48:58; 13:12; 04:0; 06:0; 08:0; 53:0,68.41
freightbidbench_tight_capacity,72,14,70,3.10,250.00,3000.00,20260508,20260509,600,600,0.641667,2020.51,3866.99,cascade_surrogate_rollout,100.00,1021,378,550,0,93,93,0,0.3702,764174.41,0.782267,1050020.54,215356.21,38985.87,12116.60,564.38,1200.00,19.6013,0.8174,2.589814,0.006292,30.020208,0.8629,0.1371,48:58; 13:12; 04:0; 06:0; 08:0; 53:0,71.07
freightbidbench_tight_capacity,72,14,70,3.10,250.00,3000.00,20260508,20260509,600,600,0.641667,2020.51,3866.99,cascade_surrogate_rollout,250.00,1021,386,572,0,63,63,0,0.3781,786818.20,0.805447,1076818.36,219591.07,39706.80,12610.76,541.92,1250.00,19.8157,0.8375,5.429683,0.006583,33.558791,0.7649,0.2351,48:58; 13:12; 04:0; 06:0; 08:0; 53:0,76.63
freightbidbench_tight_capacity,72,14,70,3.10,250.00,3000.00,20260508,20260509,600,600,0.641667,2020.51,3866.99,cascade_surrogate_rollout,500.00,1021,406,569,0,46,46,0,0.3976,835774.10,0.855562,1138651.28,230683.76,41672.18,13206.80,543.79,1390.00,20.0559,0.8829,10.259654,0.007875,43.109375,0.6131,0.3869,48:58; 13:12; 04:0; 06:0; 08:0; 53:0,87.12
freightbidbench_tight_capacity,72,14,70,3.10,250.00,3000.00,20260508,20260509,600,600,0.641667,2020.51,3866.99,cascade_surrogate_rollout,700.00,1021,414,587,0,20,20,0,0.4055,858425.50,0.878749,1167940.47,235078.26,42444.60,13654.14,559.10,1350.00,20.2246,0.8815,14.506593,0.014042,54.937542,0.4995,0.5005,48:58; 13:12; 04:0; 06:0; 08:0; 53:0,101.95
freightbidbench_tight_capacity,72,14,70,3.10,250.00,3000.00,20260508,20260509,600,600,0.641667,2020.51,3866.99,cascade_surrogate_rollout,900.00,1021,426,590,0,5,5,0,0.4172,882988.54,0.903894,1199135.44,241989.30,43706.23,13985.57,540.58,1400.00,20.2028,0.8987,18.380454,17.290708,57.923250,0.4133,0.5867,48:58; 13:12; 04:0; 06:0; 08:0; 53:0,120.74
freightbidbench_tight_capacity,72,14,70,3.10,250.00,3000.00,20260508,20260509,600,600,0.641667,2020.51,3866.99,cascade_surrogate_rollout,1200.00,1021,432,588,0,1,1,0,0.4231,891786.70,0.912900,1212198.33,245444.82,44337.04,14338.52,537.88,1460.00,20.1138,0.9092,20.529101,25.696250,58.229958,0.3457,0.6543,48:58; 13:12; 04:0; 06:0; 08:0; 53:0,141.72
freightbidbench_tight_capacity,72,14,70,3.10,250.00,3000.00,20260510,20260511,600,600,0.613333,1973.74,3791.03,reject_all,,1029,0,1029,0,0,0,0,0.0000,0.00,0.000000,0.00,0.00,0.00,0.00,0.00,0.00,0.0000,0.0000,0.000066,0.000083,0.000084,0.0000,0.0000,48:55; 13:10; 06:4; 04:1; 08:0; 53:0,64.10
freightbidbench_tight_capacity,72,14,70,3.10,250.00,3000.00,20260510,20260511,600,600,0.613333,1973.74,3791.03,accept_all_feasible,,1029,411,618,0,0,0,0,0.3994,818196.21,0.910389,1139909.60,244824.54,45830.50,14262.27,570.72,1590.00,17.8527,0.8863,0.023514,0.017625,0.055875,0.0000,0.0000,48:55; 13:6; 12:4; 53:3; 06:2; 04:0,64.10
freightbidbench_tight_capacity,72,14,70,3.10,250.00,3000.00,20260510,20260511,600,600,0.613333,1973.74,3791.03,myopic_margin,,1029,411,21,4,593,574,19,0.3994,818196.21,0.910389,1139909.60,244824.54,45830.50,14262.27,570.72,1590.00,17.8527,0.8863,0.000138,0.000125,0.000167,0.0000,0.0000,48:55; 13:6; 12:4; 53:3; 06:2; 04:0,64.10
freightbidbench_tight_capacity,72,14,70,3.10,250.00,3000.00,20260510,20260511,600,600,0.613333,1973.74,3791.03,bid_price,,1029,411,29,4,585,557,28,0.3994,818196.21,0.910389,1139909.60,244824.54,45830.50,14262.27,570.72,1590.00,17.8527,0.8863,0.000547,0.000500,0.000625,0.0000,0.0000,48:55; 13:6; 12:4; 53:3; 06:2; 04:0,64.10
freightbidbench_tight_capacity,72,14,70,3.10,250.00,3000.00,20260510,20260511,600,600,0.613333,1973.74,3791.03,surrogate_linear,,1029,353,566,0,110,110,0,0.3431,735814.70,0.818725,1004219.79,200053.60,36065.68,12063.56,533.76,1250.00,20.4021,0.7928,0.004065,0.004167,0.004667,1.0000,0.0000,48:55; 13:10; 06:4; 04:1; 08:0; 53:0,64.10
freightbidbench_tight_capacity,72,14,70,3.10,250.00,3000.00,20260510,20260511,600,600,0.613333,1973.74,3791.03,rollout_teacher,,1029,445,584,0,0,0,0,0.4325,898732.67,1.000000,1240599.92,261586.62,48495.69,15784.63,557.56,1690.00,18.5322,0.9822,27.990147,28.962334,58.431500,0.0000,1.0000,48:55; 13:10; 53:3; 06:2; 04:0; 08:0,64.10
freightbidbench_tight_capacity,72,14,70,3.10,250.00,3000.00,20260510,20260511,600,600,0.613333,1973.74,3791.03,cascade_surrogate_rollout,0.00,1029,349,583,0,97,97,0,0.3392,722626.41,0.804050,988015.75,199056.21,36066.52,11803.61,513.86,1220.00,20.0359,0.7866,1.767436,0.006084,16.639959,0.9009,0.0991,48:55; 13:10; 06:5; 04:0; 08:0; 53:0,65.93
freightbidbench_tight_capacity,72,14,70,3.10,250.00,3000.00,20260510,20260511,600,600,0.613333,1973.74,3791.03,cascade_surrogate_rollout,100.00,1029,362,554,0,113,113,0,0.3518,749130.67,0.833541,1025635.53,206596.38,37450.44,12453.76,540.96,1210.00,20.0033,0.7954,3.574770,0.006291,30.497916,0.8542,0.1458,48:55; 13:10; 06:5; 04:0; 08:0; 53:0,69.62
freightbidbench_tight_capacity,72,14,70,3.10,250.00,3000.00,20260510,20260511,600,600,0.613333,1973.74,3791.03,cascade_surrogate_rollout,250.00,1029,353,582,0,94,94,0,0.3431,734089.04,0.816805,1002359.37,201413.10,36504.23,11968.89,514.83,1210.00,20.1097,0.7815,6.011458,0.006625,34.307209,0.7707,0.2293,48:55; 13:10; 06:5; 04:0; 08:0; 53:0,75.82
freightbidbench_tight_capacity,72,14,70,3.10,250.00,3000.00,20260510,20260511,600,600,0.613333,1973.74,3791.03,cascade_surrogate_rollout,500.00,1029,383,600,0,46,46,0,0.3722,794953.83,0.884528,1083566.00,218531.05,39606.79,13248.44,509.51,1280.00,20.0712,0.8148,11.063633,0.008875,40.880917,0.5918,0.4082,48:55; 13:10; 06:5; 04:0; 08:0; 53:0,87.22
freightbidbench_tight_capacity,72,14,70,3.10,250.00,3000.00,20260510,20260511,600,600,0.613333,1973.74,3791.03,cascade_surrogate_rollout,700.00,1029,373,638,0,18,18,0,0.3625,776994.86,0.864545,1058286.66,212825.07,38572.60,12994.77,495.56,1280.00,20.1437,0.8082,13.684023,0.010083,46.380875,0.5121,0.4879,48:55; 13:10; 06:5; 04:0; 08:0; 53:0,101.32
freightbidbench_tight_capacity,72,14,70,3.10,250.00,3000.00,20260510,20260511,600,600,0.613333,1973.74,3791.03,cascade_surrogate_rollout,900.00,1029,397,623,0,9,9,0,0.3858,826692.18,0.919842,1123563.22,226327.86,40992.86,13718.04,496.46,1300.00,20.1667,0.8346,16.864536,16.436000,46.635750,0.4159,0.5841,48:55; 13:10; 06:5; 04:0; 08:0; 53:0,118.68
freightbidbench_tight_capacity,72,14,70,3.10,250.00,3000.00,20260510,20260511,600,600,0.613333,1973.74,3791.03,cascade_surrogate_rollout,1200.00,1029,406,613,0,10,10,0,0.3946,840020.47,0.934672,1146331.14,231298.28,41870.41,14208.38,544.17,1410.00,20.0624,0.8706,18.004042,16.273583,50.660209,0.3469,0.6531,48:55; 13:10; 06:5; 04:0; 08:0; 53:0,137.22
freightbidbench_scarce_capacity,72,16,55,3.20,250.00,3400.00,20260506,20260507,600,600,0.671667,2306.93,3950.27,reject_all,,1154,0,1154,0,0,0,0,0.0000,0.00,0.000000,0.00,0.00,0.00,0.00,0.00,0.00,0.0000,0.0000,0.000071,0.000083,0.000084,0.0000,0.0000,48:41; 13:11; 06:2; 04:1; 08:0; 53:0,38.96
freightbidbench_scarce_capacity,72,16,55,3.20,250.00,3400.00,20260506,20260507,600,600,0.671667,2306.93,3950.27,accept_all_feasible,,1154,334,820,0,0,0,0,0.2894,659246.00,0.857734,927337.86,204469.04,37802.83,11277.85,479.12,1270.00,17.4391,0.9076,0.015802,0.013500,0.032334,0.0000,0.0000,48:41; 12:8; 13:3; 53:2; 06:1; 04:0,38.96
freightbidbench_scarce_capacity,72,16,55,3.20,250.00,3400.00,20260506,20260507,600,600,0.671667,2306.93,3950.27,myopic_margin,,1154,334,28,3,789,777,12,0.2894,659246.00,0.857734,927337.86,204469.04,37802.83,11277.85,479.12,1270.00,17.4391,0.9076,0.000162,0.000125,0.000250,0.0000,0.0000,48:41; 12:8; 13:3; 53:2; 06:1; 04:0,38.96
freightbidbench_scarce_capacity,72,16,55,3.20,250.00,3400.00,20260506,20260507,600,600,0.671667,2306.93,3950.27,bid_price,,1154,334,44,3,773,755,18,0.2894,659246.00,0.857734,927337.86,204469.04,37802.83,11277.85,479.12,1270.00,17.4391,0.9076,0.000564,0.000541,0.000708,0.0000,0.0000,48:41; 12:8; 13:3; 53:2; 06:1; 04:0,38.96
freightbidbench_scarce_capacity,72,16,55,3.20,250.00,3400.00,20260506,20260507,600,600,0.671667,2306.93,3950.27,surrogate_linear,,1154,208,924,0,22,22,0,0.1802,414197.05,0.538905,574890.54,121263.99,21645.00,6616.79,313.43,700.00,19.1359,0.6387,0.003956,0.003875,0.004542,1.0000,0.0000,48:41; 13:11; 06:2; 04:1; 08:0; 53:0,38.96
freightbidbench_scarce_capacity,72,16,55,3.20,250.00,3400.00,20260506,20260507,600,600,0.671667,2306.93,3950.27,rollout_teacher,,1154,372,782,0,0,0,0,0.3224,768590.14,1.000000,1054501.93,221610.89,40190.90,13056.75,410.73,1390.00,19.1235,1.0229,15.774802,15.772541,36.312333,0.0000,1.0000,48:42; 13:11; 53:2; 04:0; 06:0; 08:0,38.96
freightbidbench_scarce_capacity,72,16,55,3.20,250.00,3400.00,20260506,20260507,600,600,0.671667,2306.93,3950.27,cascade_surrogate_rollout,0.00,1154,213,920,0,21,21,0,0.1846,420904.30,0.547632,592849.19,131444.09,24435.65,6781.38,322.62,730.00,17.2250,0.6677,0.295982,0.005250,0.006708,0.9506,0.0494,48:42; 13:11; 53:2; 04:0; 06:0; 08:0,39.31
freightbidbench_scarce_capacity,72,16,55,3.20,250.00,3400.00,20260506,20260507,600,600,0.671667,2306.93,3950.27,cascade_surrogate_rollout,100.00,1154,211,929,0,14,14,0,0.1828,420497.93,0.547103,589982.50,130326.15,24242.55,6632.70,308.56,740.00,17.3455,0.6608,1.551168,0.005375,18.747709,0.8969,0.1031,48:42; 13:11; 53:2; 04:0; 06:0; 08:0,41.11
freightbidbench_scarce_capacity,72,16,55,3.20,250.00,3400.00,20260506,20260507,600,600,0.671667,2306.93,3950.27,cascade_surrogate_rollout,250.00,1154,226,921,0,7,7,0,0.1958,450555.97,0.586211,630859.97,139122.65,25819.58,7222.78,313.53,720.00,17.4502,0.6681,3.563827,0.005667,24.851000,0.8085,0.1915,48:42; 13:11; 53:2; 04:0; 06:0; 08:0,45.23
freightbidbench_scarce_capacity,72,16,55,3.20,250.00,3400.00,20260506,20260507,600,600,0.671667,2306.93,3950.27,cascade_surrogate_rollout,500.00,1154,239,915,0,0,0,0,0.2071,482645.71,0.627962,672623.08,146471.63,27100.51,8013.63,314.25,780.00,17.8095,0.7046,5.895425,0.006250,29.608791,0.6976,0.3024,48:42; 13:11; 53:2; 04:0; 06:0; 08:0,52.05
freightbidbench_scarce_capacity,72,16,55,3.20,250.00,3400.00,20260506,20260507,600,600,0.671667,2306.93,3950.27,cascade_surrogate_rollout,700.00,1154,280,874,0,0,0,0,0.2426,562401.58,0.731731,782139.67,170405.53,31376.73,9401.44,342.41,890.00,17.9242,0.7843,8.540109,0.008730,26.968417,0.5624,0.4376,48:42; 13:11; 53:2; 04:0; 06:0; 08:0,61.91
freightbidbench_scarce_capacity,72,16,55,3.20,250.00,3400.00,20260506,20260507,600,600,0.671667,2306.93,3950.27,cascade_surrogate_rollout,900.00,1154,257,897,0,0,0,0,0.2227,520571.72,0.677307,723507.12,156697.85,28889.95,8564.33,331.88,800.00,18.0191,0.7272,7.684860,0.007104,28.711750,0.6196,0.3804,48:42; 13:11; 53:2; 04:0; 06:0; 08:0,70.79
freightbidbench_scarce_capacity,72,16,55,3.20,250.00,3400.00,20260506,20260507,600,600,0.671667,2306.93,3950.27,cascade_surrogate_rollout,1200.00,1154,325,829,0,0,0,0,0.2816,652781.50,0.849323,905585.04,196300.65,35953.33,11186.99,373.61,1230.00,18.1564,0.9102,12.408842,12.672626,30.555083,0.3033,0.6967,48:42; 13:11; 53:2; 04:0; 06:0; 08:0,85.12
freightbidbench_scarce_capacity,72,16,55,3.20,250.00,3400.00,20260508,20260509,600,600,0.701667,2102.19,3660.52,reject_all,,1166,0,1166,0,0,0,0,0.0000,0.00,0.000000,0.00,0.00,0.00,0.00,0.00,0.00,0.0000,0.0000,0.000069,0.000083,0.000084,0.0000,0.0000,48:45; 13:10; 04:0; 06:0; 08:0; 53:0,45.38
freightbidbench_scarce_capacity,72,16,55,3.20,250.00,3400.00,20260508,20260509,600,600,0.701667,2102.19,3660.52,accept_all_feasible,,1166,389,777,0,0,0,0,0.3336,787316.26,1.044754,1087773.35,226388.68,40355.84,12957.88,565.38,1520.00,19.5094,1.0448,0.016370,0.012167,0.039292,0.0000,0.0000,48:45; 13:9; 42:1; 04:0; 06:0; 08:0,45.38
freightbidbench_scarce_capacity,72,16,55,3.20,250.00,3400.00,20260508,20260509,600,600,0.701667,2102.19,3660.52,myopic_margin,,1166,392,39,32,703,703,0,0.3362,799123.14,1.060421,1099740.19,225816.97,39942.80,13021.85,573.80,1530.00,20.0067,1.0510,0.000146,0.000125,0.000250,0.0000,0.0000,48:45; 13:10; 04:0; 06:0; 08:0; 53:0,45.38
freightbidbench_scarce_capacity,72,16,55,3.20,250.00,3400.00,20260508,20260509,600,600,0.701667,2102.19,3660.52,bid_price,,1166,392,42,45,687,687,0,0.3362,799123.14,1.060421,1099740.19,225816.97,39942.80,13021.85,573.80,1530.00,20.0067,1.0510,0.000519,0.000500,0.000542,0.0000,0.0000,48:45; 13:10; 04:0; 06:0; 08:0; 53:0,45.38
freightbidbench_scarce_capacity,72,16,55,3.20,250.00,3400.00,20260508,20260509,600,600,0.701667,2102.19,3660.52,surrogate_linear,,1166,259,854,0,53,53,0,0.2221,504960.17,0.670072,704900.96,150512.92,26800.91,8302.83,392.55,850.00,18.8412,0.7397,0.003771,0.003875,0.004208,1.0000,0.0000,48:45; 13:10; 04:0; 06:0; 08:0; 53:0,45.38
freightbidbench_scarce_capacity,72,16,55,3.20,250.00,3400.00,20260508,20260509,600,600,0.701667,2102.19,3660.52,rollout_teacher,,1166,368,798,0,0,0,0,0.3156,753590.40,1.000000,1030953.74,212566.52,37677.04,12941.28,423.48,1380.00,20.0013,0.9981,19.032263,21.843083,40.093042,0.0000,1.0000,48:45; 13:10; 04:0; 06:0; 08:0; 53:0,45.38
freightbidbench_scarce_capacity,72,16,55,3.20,250.00,3400.00,20260508,20260509,600,600,0.701667,2102.19,3660.52,cascade_surrogate_rollout,0.00,1166,264,849,0,53,53,0,0.2264,519790.17,0.689752,722859.04,153170.44,27240.76,8395.36,395.69,890.00,19.0813,0.7571,0.350136,0.005416,0.006625,0.9168,0.0832,48:45; 13:10; 04:0; 06:0; 08:0; 53:0,45.80
freightbidbench_scarce_capacity,72,16,55,3.20,250.00,3400.00,20260508,20260509,600,600,0.701667,2102.19,3660.52,cascade_surrogate_rollout,100.00,1166,271,862,0,33,33,0,0.2324,533240.03,0.707599,741710.87,157055.75,27908.05,8705.00,405.30,910.00,19.1070,0.7724,1.748396,0.005583,21.672333,0.8559,0.1441,48:45; 13:10; 04:0; 06:0; 08:0; 53:0,47.85
freightbidbench_scarce_capacity,72,16,55,3.20,250.00,3400.00,20260508,20260509,600,600,0.701667,2102.19,3660.52,cascade_surrogate_rollout,250.00,1166,277,868,0,21,21,0,0.2376,551150.38,0.731366,762514.49,160574.35,28538.86,8821.53,390.52,910.00,19.3123,0.7757,4.213958,0.005917,27.097708,0.7539,0.2461,48:45; 13:10; 04:0; 06:0; 08:0; 53:0,52.77
freightbidbench_scarce_capacity,72,16,55,3.20,250.00,3400.00,20260508,20260509,600,600,0.701667,2102.19,3660.52,cascade_surrogate_rollout,500.00,1166,321,845,0,0,0,0,0.2753,654388.24,0.868361,898885.37,185443.60,32873.00,10718.78,433.59,1090.00,19.9066,0.8961,8.985083,0.008687,34.024041,0.5455,0.4545,48:45; 13:10; 04:0; 06:0; 08:0; 53:0,63.26
freightbidbench_scarce_capacity,72,16,55,3.20,250.00,3400.00,20260508,20260509,600,600,0.701667,2102.19,3660.52,cascade_surrogate_rollout,700.00,1166,311,855,0,0,0,0,0.2667,635426.15,0.843198,870814.03,179414.48,31770.15,10105.39,413.38,1020.00,20.0007,0.8517,9.166816,0.008896,36.574041,0.5240,0.4760,48:45; 13:10; 04:0; 06:0; 08:0; 53:0,73.96
freightbidbench_scarce_capacity,72,16,55,3.20,250.00,3400.00,20260508,20260509,600,600,0.701667,2102.19,3660.52,cascade_surrogate_rollout,900.00,1166,325,841,0,0,0,0,0.2787,677646.31,0.899224,923666.71,187130.18,33087.56,10657.01,433.82,1090.00,20.4804,0.8935,10.087159,0.009312,38.187500,0.4906,0.5094,48:45; 13:10; 04:0; 06:0; 08:0; 53:0,85.73
freightbidbench_scarce_capacity,72,16,55,3.20,250.00,3400.00,20260508,20260509,600,600,0.701667,2102.19,3660.52,cascade_surrogate_rollout,1200.00,1166,341,825,0,0,0,0,0.2925,689832.52,0.915395,947235.31,197227.20,34992.87,11466.47,417.73,1190.00,19.7135,0.9181,11.810680,0.012792,37.826500,0.4134,0.5866,48:45; 13:10; 04:0; 06:0; 08:0; 53:0,99.52
freightbidbench_scarce_capacity,72,16,55,3.20,250.00,3400.00,20260510,20260511,600,600,0.675000,2144.64,3921.42,reject_all,,1164,0,1164,0,0,0,0,0.0000,0.00,0.000000,0.00,0.00,0.00,0.00,0.00,0.00,0.0000,0.0000,0.000064,0.000083,0.000084,0.0000,0.0000,48:44; 13:8; 06:2; 04:1; 08:0; 53:0,42.94
freightbidbench_scarce_capacity,72,16,55,3.20,250.00,3400.00,20260510,20260511,600,600,0.675000,2144.64,3921.42,accept_all_feasible,,1164,354,810,0,0,0,0,0.3041,695886.58,0.926780,976454.41,213946.73,39202.10,12007.23,492.93,1330.00,17.7513,0.9485,0.016205,0.013250,0.036417,0.0000,0.0000,48:44; 13:4; 12:4; 53:2; 06:1; 04:0,42.94
freightbidbench_scarce_capacity,72,16,55,3.20,250.00,3400.00,20260510,20260511,600,600,0.675000,2144.64,3921.42,myopic_margin,,1164,354,33,6,771,757,14,0.3041,695886.58,0.926780,976454.41,213946.73,39202.10,12007.23,492.93,1330.00,17.7513,0.9485,0.000138,0.000125,0.000167,0.0000,0.0000,48:44; 13:4; 12:4; 53:2; 06:1; 04:0,42.94
freightbidbench_scarce_capacity,72,16,55,3.20,250.00,3400.00,20260510,20260511,600,600,0.675000,2144.64,3921.42,bid_price,,1164,354,41,9,760,742,18,0.3041,695886.58,0.926780,976454.41,213946.73,39202.10,12007.23,492.93,1330.00,17.7513,0.9485,0.000515,0.000500,0.000542,0.0000,0.0000,48:44; 13:4; 12:4; 53:2; 06:1; 04:0,42.94
freightbidbench_scarce_capacity,72,16,55,3.20,250.00,3400.00,20260510,20260511,600,600,0.675000,2144.64,3921.42,surrogate_linear,,1164,266,852,0,46,46,0,0.2285,543165.01,0.723386,748854.90,153848.94,27296.54,8650.64,414.26,890.00,19.8987,0.7599,0.003749,0.003834,0.004125,1.0000,0.0000,48:44; 13:8; 06:2; 04:1; 08:0; 53:0,42.94
freightbidbench_scarce_capacity,72,16,55,3.20,250.00,3400.00,20260510,20260511,600,600,0.675000,2144.64,3921.42,rollout_teacher,,1164,373,791,0,0,0,0,0.3204,750865.12,1.000000,1037181.20,222014.05,40238.77,12741.96,424.70,1440.00,18.6602,1.0162,17.506884,14.506208,38.551750,0.0000,1.0000,48:44; 13:8; 53:2; 06:1; 04:0; 08:0,42.94
freightbidbench_scarce_capacity,72,16,55,3.20,250.00,3400.00,20260510,20260511,600,600,0.675000,2144.64,3921.42,cascade_surrogate_rollout,0.00,1164,280,852,0,32,32,0,0.2405,575455.63,0.766390,792333.20,162418.70,28880.84,9199.68,430.21,980.00,19.9252,0.8038,2.293936,0.005708,21.609875,0.8479,0.1521,48:44; 13:8; 06:3; 04:0; 08:0; 53:0,45.62
freightbidbench_scarce_capacity,72,16,55,3.20,250.00,3400.00,20260510,20260511,600,600,0.675000,2144.64,3921.42,cascade_surrogate_rollout,100.00,1164,282,843,0,39,39,0,0.2423,581039.41,0.773827,797648.78,163591.57,29091.11,9328.16,402.35,990.00,19.9731,0.7929,3.488648,0.005958,23.367375,0.7921,0.2079,48:44; 13:8; 06:3; 04:0; 08:0; 53:0,49.70
freightbidbench_scarce_capacity,72,16,55,3.20,250.00,3400.00,20260510,20260511,600,600,0.675000,2144.64,3921.42,cascade_surrogate_rollout,250.00,1164,284,869,0,11,11,0,0.2440,588090.41,0.783217,807568.63,164819.36,29318.55,9489.87,420.43,990.00,20.0586,0.8183,4.621434,0.006041,24.922583,0.7096,0.2904,48:44; 13:8; 06:3; 04:0; 08:0; 53:0,55.08
freightbidbench_scarce_capacity,72,16,55,3.20,250.00,3400.00,20260510,20260511,600,600,0.675000,2144.64,3921.42,cascade_surrogate_rollout,500.00,1164,286,878,0,0,0,0,0.2457,594996.36,0.792414,811839.09,166211.95,29597.48,9376.61,363.48,980.00,20.1029,0.8025,7.180747,0.006750,30.397041,0.6177,0.3823,48:44; 13:8; 06:3; 04:0; 08:0; 53:0,63.45
freightbidbench_scarce_capacity,72,16,55,3.20,250.00,3400.00,20260510,20260511,600,600,0.675000,2144.64,3921.42,cascade_surrogate_rollout,700.00,1164,289,875,0,0,0,0,0.2483,603309.26,0.803486,822843.78,168026.17,29930.05,9670.77,363.95,980.00,20.1573,0.8062,7.907771,0.006812,33.276708,0.5902,0.4098,48:44; 13:8; 06:3; 04:0; 08:0; 53:0,72.67
freightbidbench_scarce_capacity,72,16,55,3.20,250.00,3400.00,20260510,20260511,600,600,0.675000,2144.64,3921.42,cascade_surrogate_rollout,900.00,1164,321,843,0,0,0,0,0.2758,659653.29,0.878524,904020.99,186682.17,33260.05,10838.42,407.24,1050.00,19.8332,0.8658,9.723366,0.010479,35.946500,0.4450,0.5550,48:44; 13:8; 06:3; 04:0; 08:0; 53:0,84.00
freightbidbench_scarce_capacity,72,16,55,3.20,250.00,3400.00,20260510,20260511,600,600,0.675000,2144.64,3921.42,cascade_surrogate_rollout,1200.00,1164,349,815,0,0,0,0,0.2998,713136.28,0.949753,978458.20,203610.11,36362.54,11722.41,430.02,1250.00,19.6118,0.9658,11.940905,12.292271,35.184417,0.3479,0.6521,48:44; 13:7; 06:3; 12:1; 04:0; 08:0,97.91
